-- ============================================================================
-- Block 4 — OBI (belts)
-- Chain: color -> material -> width -> size. All prices JPY, tax included.
-- Public read-only; writes via migrations / admin.
--
-- Material codes: nami = plain cotton (algodón normal), shushi = satin (satinado),
--                 yohachi = special cotton (algodón especial), silk = silk (seda).
-- Width: 4.0 cm (normal) and 4.5 cm (special). Nami is 4.0 only.
-- Special (4.5) exists from size 3 onward: sizes 0,1,2 are NULL by design.
-- The color->material->width chain is DERIVED from which rows exist here:
--   a material/width is offered only if it has rows; a size is offered only if
--   its price is not NULL. No separate availability tables needed.
-- ============================================================================

create type obi_color    as enum ('black','blue','red','white','green','yellow','purple','orange','brown');
create type obi_material as enum ('nami','shushi','yohachi','silk');

-- Size -> total length in cm (0..13).
create table obi_sizes (
  size_code  smallint primary key,
  length_cm  smallint not null
);

insert into obi_sizes (size_code, length_cm) values
  (0,205),(1,220),(2,235),(3,250),(4,265),(5,280),(6,295),
  (7,310),(8,325),(9,340),(10,355),(11,370),(12,385),(13,400);

-- Price per (color, material, width, size). NULL price = size not offered for
-- that combo, but the row is kept so a future size is a one-cell UPDATE.
create table obi_prices (
  color     obi_color    not null,
  material  obi_material not null,
  width_cm  numeric(2,1) not null,          -- 4.0 or 4.5
  size_code smallint     not null references obi_sizes(size_code),
  price     integer,                        -- JPY, tax incl.; NULL = not offered
  primary key (color, material, width_cm, size_code)
);

insert into obi_prices (color, material, width_cm, size_code, price) values
  ('white', 'nami', 4.0, 0, 1210),
  ('white', 'nami', 4.0, 1, 1210),
  ('white', 'nami', 4.0, 2, 1210),
  ('white', 'nami', 4.0, 3, 1320),
  ('white', 'nami', 4.0, 4, 1320),
  ('white', 'nami', 4.0, 5, 1320),
  ('white', 'nami', 4.0, 6, 1430),
  ('white', 'nami', 4.0, 7, 1430),
  ('white', 'nami', 4.0, 8, 1540),
  ('white', 'nami', 4.0, 9, null),
  ('white', 'nami', 4.0, 10, null),
  ('white', 'nami', 4.0, 11, null),
  ('white', 'nami', 4.0, 12, null),
  ('white', 'nami', 4.0, 13, null),
  ('green', 'nami', 4.0, 0, 1540),
  ('green', 'nami', 4.0, 1, 1540),
  ('green', 'nami', 4.0, 2, 1540),
  ('green', 'nami', 4.0, 3, 1650),
  ('green', 'nami', 4.0, 4, 1650),
  ('green', 'nami', 4.0, 5, 1650),
  ('green', 'nami', 4.0, 6, 1760),
  ('green', 'nami', 4.0, 7, 1760),
  ('green', 'nami', 4.0, 8, 1870),
  ('green', 'nami', 4.0, 9, 2310),
  ('green', 'nami', 4.0, 10, 2530),
  ('green', 'nami', 4.0, 11, 2970),
  ('green', 'nami', 4.0, 12, null),
  ('green', 'nami', 4.0, 13, null),
  ('yellow', 'nami', 4.0, 0, 1540),
  ('yellow', 'nami', 4.0, 1, 1540),
  ('yellow', 'nami', 4.0, 2, 1540),
  ('yellow', 'nami', 4.0, 3, 1650),
  ('yellow', 'nami', 4.0, 4, 1650),
  ('yellow', 'nami', 4.0, 5, 1650),
  ('yellow', 'nami', 4.0, 6, 1760),
  ('yellow', 'nami', 4.0, 7, 1760),
  ('yellow', 'nami', 4.0, 8, 1870),
  ('yellow', 'nami', 4.0, 9, 2310),
  ('yellow', 'nami', 4.0, 10, 2530),
  ('yellow', 'nami', 4.0, 11, 2970),
  ('yellow', 'nami', 4.0, 12, null),
  ('yellow', 'nami', 4.0, 13, null),
  ('purple', 'nami', 4.0, 0, 1540),
  ('purple', 'nami', 4.0, 1, 1540),
  ('purple', 'nami', 4.0, 2, 1540),
  ('purple', 'nami', 4.0, 3, 1650),
  ('purple', 'nami', 4.0, 4, 1650),
  ('purple', 'nami', 4.0, 5, 1650),
  ('purple', 'nami', 4.0, 6, 1760),
  ('purple', 'nami', 4.0, 7, 1760),
  ('purple', 'nami', 4.0, 8, 1870),
  ('purple', 'nami', 4.0, 9, 2310),
  ('purple', 'nami', 4.0, 10, 2530),
  ('purple', 'nami', 4.0, 11, 2970),
  ('purple', 'nami', 4.0, 12, null),
  ('purple', 'nami', 4.0, 13, null),
  ('orange', 'nami', 4.0, 0, 1540),
  ('orange', 'nami', 4.0, 1, 1540),
  ('orange', 'nami', 4.0, 2, 1540),
  ('orange', 'nami', 4.0, 3, 1650),
  ('orange', 'nami', 4.0, 4, 1650),
  ('orange', 'nami', 4.0, 5, 1650),
  ('orange', 'nami', 4.0, 6, 1760),
  ('orange', 'nami', 4.0, 7, 1760),
  ('orange', 'nami', 4.0, 8, 1870),
  ('orange', 'nami', 4.0, 9, 2310),
  ('orange', 'nami', 4.0, 10, 2530),
  ('orange', 'nami', 4.0, 11, 2970),
  ('orange', 'nami', 4.0, 12, null),
  ('orange', 'nami', 4.0, 13, null),
  ('brown', 'nami', 4.0, 0, 1540),
  ('brown', 'nami', 4.0, 1, 1540),
  ('brown', 'nami', 4.0, 2, 1540),
  ('brown', 'nami', 4.0, 3, 1650),
  ('brown', 'nami', 4.0, 4, 1650),
  ('brown', 'nami', 4.0, 5, 1650),
  ('brown', 'nami', 4.0, 6, 1760),
  ('brown', 'nami', 4.0, 7, 1760),
  ('brown', 'nami', 4.0, 8, 1870),
  ('brown', 'nami', 4.0, 9, 2310),
  ('brown', 'nami', 4.0, 10, 2530),
  ('brown', 'nami', 4.0, 11, 2970),
  ('brown', 'nami', 4.0, 12, null),
  ('brown', 'nami', 4.0, 13, null),
  ('blue', 'nami', 4.0, 0, 1540),
  ('blue', 'nami', 4.0, 1, 1540),
  ('blue', 'nami', 4.0, 2, 1540),
  ('blue', 'nami', 4.0, 3, 1650),
  ('blue', 'nami', 4.0, 4, 1650),
  ('blue', 'nami', 4.0, 5, 1650),
  ('blue', 'nami', 4.0, 6, 1760),
  ('blue', 'nami', 4.0, 7, 1760),
  ('blue', 'nami', 4.0, 8, 1870),
  ('blue', 'nami', 4.0, 9, 2310),
  ('blue', 'nami', 4.0, 10, 2530),
  ('blue', 'nami', 4.0, 11, 2970),
  ('blue', 'nami', 4.0, 12, null),
  ('blue', 'nami', 4.0, 13, null),
  ('blue', 'shushi', 4.0, 0, 3850),
  ('blue', 'shushi', 4.0, 1, 3850),
  ('blue', 'shushi', 4.0, 2, 3850),
  ('blue', 'shushi', 4.0, 3, 4070),
  ('blue', 'shushi', 4.0, 4, 4070),
  ('blue', 'shushi', 4.0, 5, 4070),
  ('blue', 'shushi', 4.0, 6, 4290),
  ('blue', 'shushi', 4.0, 7, 4290),
  ('blue', 'shushi', 4.0, 8, 4620),
  ('blue', 'shushi', 4.0, 9, 4950),
  ('blue', 'shushi', 4.0, 10, 5280),
  ('blue', 'shushi', 4.0, 11, 5610),
  ('blue', 'shushi', 4.0, 12, null),
  ('blue', 'shushi', 4.0, 13, null),
  ('blue', 'yohachi', 4.0, 0, 4180),
  ('blue', 'yohachi', 4.0, 1, 4180),
  ('blue', 'yohachi', 4.0, 2, 4180),
  ('blue', 'yohachi', 4.0, 3, 4400),
  ('blue', 'yohachi', 4.0, 4, 4400),
  ('blue', 'yohachi', 4.0, 5, 4400),
  ('blue', 'yohachi', 4.0, 6, 4730),
  ('blue', 'yohachi', 4.0, 7, 4730),
  ('blue', 'yohachi', 4.0, 8, 5060),
  ('blue', 'yohachi', 4.0, 9, 5390),
  ('blue', 'yohachi', 4.0, 10, 5720),
  ('blue', 'yohachi', 4.0, 11, 6050),
  ('blue', 'yohachi', 4.0, 12, null),
  ('blue', 'yohachi', 4.0, 13, null),
  ('red', 'nami', 4.0, 0, 1540),
  ('red', 'nami', 4.0, 1, 1540),
  ('red', 'nami', 4.0, 2, 1540),
  ('red', 'nami', 4.0, 3, 1650),
  ('red', 'nami', 4.0, 4, 1650),
  ('red', 'nami', 4.0, 5, 1650),
  ('red', 'nami', 4.0, 6, 1760),
  ('red', 'nami', 4.0, 7, 1760),
  ('red', 'nami', 4.0, 8, 1870),
  ('red', 'nami', 4.0, 9, 2310),
  ('red', 'nami', 4.0, 10, 2530),
  ('red', 'nami', 4.0, 11, 2970),
  ('red', 'nami', 4.0, 12, null),
  ('red', 'nami', 4.0, 13, null),
  ('red', 'shushi', 4.0, 0, 3850),
  ('red', 'shushi', 4.0, 1, 3850),
  ('red', 'shushi', 4.0, 2, 3850),
  ('red', 'shushi', 4.0, 3, 4070),
  ('red', 'shushi', 4.0, 4, 4070),
  ('red', 'shushi', 4.0, 5, 4070),
  ('red', 'shushi', 4.0, 6, 4290),
  ('red', 'shushi', 4.0, 7, 4290),
  ('red', 'shushi', 4.0, 8, 4620),
  ('red', 'shushi', 4.0, 9, 4950),
  ('red', 'shushi', 4.0, 10, 5280),
  ('red', 'shushi', 4.0, 11, 5610),
  ('red', 'shushi', 4.0, 12, null),
  ('red', 'shushi', 4.0, 13, null),
  ('red', 'yohachi', 4.0, 0, 4180),
  ('red', 'yohachi', 4.0, 1, 4180),
  ('red', 'yohachi', 4.0, 2, 4180),
  ('red', 'yohachi', 4.0, 3, 4400),
  ('red', 'yohachi', 4.0, 4, 4400),
  ('red', 'yohachi', 4.0, 5, 4400),
  ('red', 'yohachi', 4.0, 6, 4730),
  ('red', 'yohachi', 4.0, 7, 4730),
  ('red', 'yohachi', 4.0, 8, 5060),
  ('red', 'yohachi', 4.0, 9, 5390),
  ('red', 'yohachi', 4.0, 10, 5720),
  ('red', 'yohachi', 4.0, 11, 6050),
  ('red', 'yohachi', 4.0, 12, null),
  ('red', 'yohachi', 4.0, 13, null),
  ('black', 'nami', 4.0, 0, 2310),
  ('black', 'nami', 4.0, 1, 2310),
  ('black', 'nami', 4.0, 2, 2310),
  ('black', 'nami', 4.0, 3, 2420),
  ('black', 'nami', 4.0, 4, 2420),
  ('black', 'nami', 4.0, 5, 2420),
  ('black', 'nami', 4.0, 6, 2530),
  ('black', 'nami', 4.0, 7, 2530),
  ('black', 'nami', 4.0, 8, 2640),
  ('black', 'nami', 4.0, 9, 2970),
  ('black', 'nami', 4.0, 10, 3300),
  ('black', 'nami', 4.0, 11, 3630),
  ('black', 'nami', 4.0, 12, 3960),
  ('black', 'nami', 4.0, 13, null),
  ('black', 'shushi', 4.0, 0, 3850),
  ('black', 'shushi', 4.0, 1, 3850),
  ('black', 'shushi', 4.0, 2, 3850),
  ('black', 'shushi', 4.0, 3, 4070),
  ('black', 'shushi', 4.0, 4, 4070),
  ('black', 'shushi', 4.0, 5, 4070),
  ('black', 'shushi', 4.0, 6, 4290),
  ('black', 'shushi', 4.0, 7, 4290),
  ('black', 'shushi', 4.0, 8, 4620),
  ('black', 'shushi', 4.0, 9, 4950),
  ('black', 'shushi', 4.0, 10, 5280),
  ('black', 'shushi', 4.0, 11, 5610),
  ('black', 'shushi', 4.0, 12, 5940),
  ('black', 'shushi', 4.0, 13, null),
  ('black', 'yohachi', 4.0, 0, 4180),
  ('black', 'yohachi', 4.0, 1, 4180),
  ('black', 'yohachi', 4.0, 2, 4180),
  ('black', 'yohachi', 4.0, 3, 4400),
  ('black', 'yohachi', 4.0, 4, 4400),
  ('black', 'yohachi', 4.0, 5, 4400),
  ('black', 'yohachi', 4.0, 6, 4730),
  ('black', 'yohachi', 4.0, 7, 4730),
  ('black', 'yohachi', 4.0, 8, 5060),
  ('black', 'yohachi', 4.0, 9, 5390),
  ('black', 'yohachi', 4.0, 10, 5720),
  ('black', 'yohachi', 4.0, 11, 6050),
  ('black', 'yohachi', 4.0, 12, 6380),
  ('black', 'yohachi', 4.0, 13, null),
  ('black', 'silk', 4.0, 0, 9900),
  ('black', 'silk', 4.0, 1, 9900),
  ('black', 'silk', 4.0, 2, 9900),
  ('black', 'silk', 4.0, 3, 10230),
  ('black', 'silk', 4.0, 4, 10230),
  ('black', 'silk', 4.0, 5, 10230),
  ('black', 'silk', 4.0, 6, 10450),
  ('black', 'silk', 4.0, 7, 10450),
  ('black', 'silk', 4.0, 8, 10890),
  ('black', 'silk', 4.0, 9, 11220),
  ('black', 'silk', 4.0, 10, 11550),
  ('black', 'silk', 4.0, 11, 11880),
  ('black', 'silk', 4.0, 12, 12210),
  ('black', 'silk', 4.0, 13, null),
  ('blue', 'shushi', 4.5, 0, null),
  ('blue', 'shushi', 4.5, 1, null),
  ('blue', 'shushi', 4.5, 2, null),
  ('blue', 'shushi', 4.5, 3, 4950),
  ('blue', 'shushi', 4.5, 4, 4950),
  ('blue', 'shushi', 4.5, 5, 4950),
  ('blue', 'shushi', 4.5, 6, 5500),
  ('blue', 'shushi', 4.5, 7, 5500),
  ('blue', 'shushi', 4.5, 8, 6050),
  ('blue', 'shushi', 4.5, 9, 6545),
  ('blue', 'shushi', 4.5, 10, 7040),
  ('blue', 'shushi', 4.5, 11, 7535),
  ('blue', 'shushi', 4.5, 12, 8030),
  ('blue', 'shushi', 4.5, 13, null),
  ('blue', 'yohachi', 4.5, 0, null),
  ('blue', 'yohachi', 4.5, 1, null),
  ('blue', 'yohachi', 4.5, 2, null),
  ('blue', 'yohachi', 4.5, 3, 5280),
  ('blue', 'yohachi', 4.5, 4, 5280),
  ('blue', 'yohachi', 4.5, 5, 5280),
  ('blue', 'yohachi', 4.5, 6, 5610),
  ('blue', 'yohachi', 4.5, 7, 5610),
  ('blue', 'yohachi', 4.5, 8, 6160),
  ('blue', 'yohachi', 4.5, 9, 6655),
  ('blue', 'yohachi', 4.5, 10, 7150),
  ('blue', 'yohachi', 4.5, 11, 7645),
  ('blue', 'yohachi', 4.5, 12, 8140),
  ('blue', 'yohachi', 4.5, 13, 8635),
  ('red', 'shushi', 4.5, 0, null),
  ('red', 'shushi', 4.5, 1, null),
  ('red', 'shushi', 4.5, 2, null),
  ('red', 'shushi', 4.5, 3, 4950),
  ('red', 'shushi', 4.5, 4, 4950),
  ('red', 'shushi', 4.5, 5, 4950),
  ('red', 'shushi', 4.5, 6, 5500),
  ('red', 'shushi', 4.5, 7, 5500),
  ('red', 'shushi', 4.5, 8, 6050),
  ('red', 'shushi', 4.5, 9, 6545),
  ('red', 'shushi', 4.5, 10, 7040),
  ('red', 'shushi', 4.5, 11, 7535),
  ('red', 'shushi', 4.5, 12, 8030),
  ('red', 'shushi', 4.5, 13, null),
  ('red', 'yohachi', 4.5, 0, null),
  ('red', 'yohachi', 4.5, 1, null),
  ('red', 'yohachi', 4.5, 2, null),
  ('red', 'yohachi', 4.5, 3, 5280),
  ('red', 'yohachi', 4.5, 4, 5280),
  ('red', 'yohachi', 4.5, 5, 5280),
  ('red', 'yohachi', 4.5, 6, 5610),
  ('red', 'yohachi', 4.5, 7, 5610),
  ('red', 'yohachi', 4.5, 8, 6160),
  ('red', 'yohachi', 4.5, 9, 6655),
  ('red', 'yohachi', 4.5, 10, 7150),
  ('red', 'yohachi', 4.5, 11, 7645),
  ('red', 'yohachi', 4.5, 12, 8140),
  ('red', 'yohachi', 4.5, 13, 8635),
  ('black', 'shushi', 4.5, 0, null),
  ('black', 'shushi', 4.5, 1, null),
  ('black', 'shushi', 4.5, 2, null),
  ('black', 'shushi', 4.5, 3, 4950),
  ('black', 'shushi', 4.5, 4, 4950),
  ('black', 'shushi', 4.5, 5, 4950),
  ('black', 'shushi', 4.5, 6, 5500),
  ('black', 'shushi', 4.5, 7, 5500),
  ('black', 'shushi', 4.5, 8, 6050),
  ('black', 'shushi', 4.5, 9, 6545),
  ('black', 'shushi', 4.5, 10, 7040),
  ('black', 'shushi', 4.5, 11, 7535),
  ('black', 'shushi', 4.5, 12, 8030),
  ('black', 'shushi', 4.5, 13, null),
  ('black', 'yohachi', 4.5, 0, null),
  ('black', 'yohachi', 4.5, 1, null),
  ('black', 'yohachi', 4.5, 2, null),
  ('black', 'yohachi', 4.5, 3, 5280),
  ('black', 'yohachi', 4.5, 4, 5280),
  ('black', 'yohachi', 4.5, 5, 5280),
  ('black', 'yohachi', 4.5, 6, 5610),
  ('black', 'yohachi', 4.5, 7, 5610),
  ('black', 'yohachi', 4.5, 8, 6160),
  ('black', 'yohachi', 4.5, 9, 6655),
  ('black', 'yohachi', 4.5, 10, 7150),
  ('black', 'yohachi', 4.5, 11, 7645),
  ('black', 'yohachi', 4.5, 12, 8140),
  ('black', 'yohachi', 4.5, 13, 8635),
  ('black', 'silk', 4.5, 0, null),
  ('black', 'silk', 4.5, 1, null),
  ('black', 'silk', 4.5, 2, null),
  ('black', 'silk', 4.5, 3, 11550),
  ('black', 'silk', 4.5, 4, 11550),
  ('black', 'silk', 4.5, 5, 11550),
  ('black', 'silk', 4.5, 6, 12110),
  ('black', 'silk', 4.5, 7, 12110),
  ('black', 'silk', 4.5, 8, 12650),
  ('black', 'silk', 4.5, 9, 13145),
  ('black', 'silk', 4.5, 10, 13640),
  ('black', 'silk', 4.5, 11, 14135),
  ('black', 'silk', 4.5, 12, 14630),
  ('black', 'silk', 4.5, 13, 15125);

-- Obi embroidery: per-character price by width x thread (reuses gi_thread enum).
-- Two bordable ends (A and B) are handled as character count in the engine.
-- Note: white/colored (non-black) belts are embroidered in black thread only —
-- a display rule handled in the engine/UI, not a price difference.
create table obi_embroidery_prices (
  width_cm       numeric(2,1) not null,
  thread         gi_thread    not null,
  price_per_char integer      not null,
  primary key (width_cm, thread)
);

insert into obi_embroidery_prices (width_cm, thread, price_per_char) values
  (4.0, 'standard', 220),
  (4.0, 'metallic', 275),
  (4.5, 'standard', 275),
  (4.5, 'metallic', 330);

-- RLS: public read-only on all.
alter table obi_sizes             enable row level security;
alter table obi_prices            enable row level security;
alter table obi_embroidery_prices enable row level security;

create policy "obi_sizes public read"             on obi_sizes             for select using (true);
create policy "obi_prices public read"            on obi_prices            for select using (true);
create policy "obi_embroidery_prices public read" on obi_embroidery_prices for select using (true);